customer_id,first_name,last_name,date_of_birth,gender,city,state,pincode,email,phone,premium_tier,join_date
C0001,Zayyan,Sidhu,2013-02-04,F,Vadodara,Kerala,857307,samaksh69@example.org,3870430558,Silver,2022-10-06
C0002,Anay,Krishnan,1970-04-30,M,Khandwa,Mizoram,014257,lalanamika@example.net,04636607487,Gold,2022-05-24
C0003,Raagini,Natt,1948-07-17,F,Nangloi Jat,Rajasthan,622908,bosechaitaly@example.org,06849529903,Silver,2022-10-06
C0004,Abhimanyu,Sawhney,1969-10-10,F,Aligarh,Kerala,670316,krishna37@example.com,+913336310746,Bronze,2024-03-31
C0005,Isaac,Prabhakar,1954-03-24,M,Sri Ganganagar,West Bengal,978355,mistrykrish@example.com,+912862643368,Silver,2023-07-25
C0006,Gautam,Deep,1983-02-10,F,Tiruvottiyur,Arunachal Pradesh,797393,mahalbina@example.net,6147799833,Gold,2026-03-07
C0007,Sarthak,Sarin,1944-06-16,M,Dehradun,Arunachal Pradesh,655512,rakshavaidya@example.com,6986152812,Bronze,2024-11-22
C0008,Tristan,Gaba,2019-01-27,F,Bijapur,Tripura,818700,zbatra@example.net,04375690257,Silver,2023-12-23
C0009,Zaitra,Barad,2008-08-11,M,Gopalpur,Mizoram,647588,patelvidhi@example.com,7792069912,Silver,2023-06-30
C0010,Luke,Sinha,1993-11-13,F,Gaya,Gujarat,376440,bhora@example.com,05722017764,Silver,2022-01-25
C0011,Barkha,Yohannan,1945-08-16,M,Gandhidham,Rajasthan,893014,daksheshchowdhury@example.net,9892093281,Bronze,2022-10-28
C0012,Idika,Ahuja,2002-11-11,F,Hindupur,Tamil Nadu,143142,ronith93@example.com,8003221607,Bronze,2023-11-06
C0013,Jeet,Dar,1980-03-20,F,Sangli-Miraj & Kupwad,Manipur,078648,labanghose@example.net,+914506091423,Silver,2022-09-17
C0014,Vaishnavi,Das,1960-07-16,F,Asansol,Goa,009355,chandkrishna@example.com,6349302148,Silver,2024-01-15
C0015,Harshil,Mutti,1975-10-19,F,Satna,Karnataka,661840,omaja01@example.net,5253637385,Silver,2021-05-20
C0016,Daksh,Bahl,1991-02-19,F,Gudivada,Karnataka,484019,faras58@example.org,+918512923101,Gold,2023-09-09
C0017,Ira,Sankar,1922-05-29,F,Mahbubnagar,Haryana,425805,panchalekansh@example.org,8297066201,Bronze,2025-02-13
C0018,Yashodhara,Pandit,1958-11-04,M,Unnao,Mizoram,226963,arunimachakraborty@example.org,+915730581618,Silver,2025-02-27
C0019,Aashi,Dubey,1919-06-27,F,Motihari,Uttarakhand,138239,veer95@example.net,6100944671,Bronze,2024-07-16
C0020,Vihaan,Lal,1924-04-03,F,Haridwar,Manipur,539095,shettymason@example.net,05329766734,Bronze,2023-07-07
C0021,Aarav,Sanghvi,1913-07-11,F,Vellore,Mizoram,045352,rakshatandon@example.net,4160899769,Bronze,2025-09-16
C0022,Vrishti,Palan,1925-10-24,M,Ghaziabad,Telangana,618706,xkunda@example.com,+915203208665,Bronze,2021-09-09
C0023,Chandran,Reddy,1945-04-17,M,Eluru,Chhattisgarh,182958,ishwardeshpande@example.net,09873693371,Silver,2025-07-07
C0024,Pranav,Naik,2024-02-06,M,Kottayam,Meghalaya,667210,aahanabarad@example.com,+913073762065,Gold,2024-08-06
C0025,Charita,Shan,1918-09-07,F,Gudivada,Madhya Pradesh,327328,riatara@example.org,+916710762825,Silver,2022-08-24
C0026,Guneet,Murty,2022-05-15,F,Munger,Nagaland,692531,kdada@example.com,+913476154745,Silver,2024-04-07
C0027,Aadi,Dutt,1976-10-25,F,Bhind,Tripura,578237,kabiratwal@example.org,+914930526092,Gold,2022-01-27
C0028,Quincy,Nori,1972-07-31,F,Ulhasnagar,Goa,768805,urmisodhi@example.org,3850083783,Bronze,2024-06-15
C0029,Rushil,Rao,1962-05-16,M,Ahmedabad,Jharkhand,690177,yatanmurthy@example.com,09859618506,Bronze,2025-09-20
C0030,Ayushman,Dara,1914-04-12,M,Medininagar,Punjab,284958,upmabhargava@example.org,+919632977045,Gold,2023-12-06
C0031,Robert,Bhatti,1949-08-28,M,Nashik,West Bengal,443463,keyaravel@example.com,8185793709,Gold,2025-06-02
C0032,Harsh,Chandra,1934-05-24,F,Nadiad,Gujarat,835752,oshamurthy@example.org,7225299543,Silver,2023-09-18
C0033,Gautami,Krishnan,2003-07-11,F,Bettiah,Nagaland,033448,sarthak23@example.org,6390123835,Bronze,2025-11-28
C0034,Balhaar,Bose,1966-06-10,M,Sultan Pur Majra,Arunachal Pradesh,742807,anayak@example.com,+917869383369,Gold,2021-07-31
C0035,Varenya,Zacharia,1932-05-17,M,Bhatpara,Uttarakhand,911487,bkurian@example.com,+911454427798,Bronze,2024-12-04
C0036,Xavier,Sekhon,1940-05-16,F,Firozabad,Goa,291666,aryachandra@example.com,+910282611785,Gold,2023-02-18
C0037,Nihal,Misra,1991-10-03,M,Bongaigaon,Kerala,375611,bumbpranit@example.org,02609076442,Silver,2024-02-04
C0038,Aarush,Mishra,1919-10-07,F,Kumbakonam,Tamil Nadu,759954,ybutala@example.org,+911137340467,Gold,2025-07-07
C0039,Umang,Chakraborty,1983-08-05,M,Raipur,Himachal Pradesh,824107,samesh25@example.net,6294648014,Gold,2021-06-19
C0040,Chaitanya,Ghose,1952-01-29,M,Munger,Chhattisgarh,355699,rajugaurav@example.net,1341149945,Silver,2022-07-05
C0041,Victor,Barad,1918-09-19,M,Gangtok,Sikkim,623316,ibarad@example.org,01749653734,Gold,2024-01-16
C0042,Qushi,Devan,2007-09-03,F,Solapur,Sikkim,702727,geetikatrivedi@example.com,8031890503,Gold,2023-04-28
C0043,Tanvi,Kar,2026-03-05,F,Danapur,Goa,369639,meghana15@example.net,+913372114397,Bronze,2025-09-30
C0044,Ranveer,Dash,1919-06-23,F,Dhanbad,Manipur,430480,omgeorge@example.com,07760842196,Silver,2023-03-08
C0045,Avi,Wason,1957-12-01,F,Bhagalpur,Bihar,681671,udyati25@example.org,9496609907,Silver,2025-06-09
C0046,Aarnav,Khurana,1954-09-03,F,New Delhi,Mizoram,916209,arin15@example.com,0202251146,Bronze,2023-02-13
C0047,Abhiram,Sagar,1928-10-08,F,Nizamabad,Karnataka,402298,jnigam@example.com,+919463302388,Gold,2025-07-13
C0048,Jairaj,Narain,1953-01-31,M,Shahjahanpur,Assam,016315,aadimangat@example.net,03137082305,Silver,2021-06-03
C0049,Laksh,Nagar,1958-01-15,F,Surendranagar Dudhrej,Andhra Pradesh,143239,sneha08@example.net,0696432570,Bronze,2025-09-21
C0050,Kashvi,Pal,1987-11-04,M,Sultan Pur Majra,Nagaland,389041,alkadugal@example.net,+913236914818,Silver,2024-05-17
C0051,Ekiya,Chander,1929-08-28,F,Amroha,Nagaland,310728,chandransahota@example.org,1381101945,Gold,2026-03-10
C0052,Sathvik,Grewal,1987-12-31,M,Morbi,Himachal Pradesh,086656,ikannan@example.com,+912417031052,Silver,2025-04-18
C0053,Finn,Ghose,1914-09-08,F,Bareilly,Meghalaya,281467,nathan59@example.net,07182461421,Silver,2026-02-09
C0054,Ira,Dayal,1991-06-02,F,Solapur,West Bengal,328334,wwable@example.com,+918237245099,Silver,2022-11-27
C0055,Caleb,Oommen,1978-07-02,M,Jaipur,Chhattisgarh,347287,ekbal55@example.com,09075302399,Gold,2024-03-13
C0056,Indali,Kale,1996-12-13,M,Hyderabad,Kerala,948665,yashvi10@example.org,04372390969,Gold,2022-11-04
C0057,Laban,Swaminathan,1915-07-08,M,Madanapalle,Kerala,800767,ganga58@example.com,+919107456958,Silver,2024-12-11
C0058,Oeshi,Mandal,1984-10-18,F,Bareilly,Odisha,106061,hemanginihanda@example.net,06814437104,Bronze,2024-11-09
C0059,Orinder,Mani,1994-05-10,M,Bhiwani,Himachal Pradesh,159137,fpatil@example.org,02444425954,Bronze,2022-03-01
C0060,Saanvi,Devan,1932-11-12,M,Kochi,West Bengal,255027,desairishi@example.com,4912899068,Gold,2023-10-27
C0061,Yutika,Sachar,1918-02-21,F,Bhilwara,Mizoram,958009,anirudhdada@example.com,6753820006,Silver,2025-05-14
C0062,Shravya,More,2021-03-10,M,Maheshtala,Punjab,470715,yoshitasachar@example.net,1268762536,Bronze,2022-03-14
C0063,Kala,Jha,1960-07-24,M,Morbi,Uttarakhand,849266,samesh41@example.com,6479176001,Gold,2023-06-11
C0064,Jackson,Chandra,1948-07-11,F,Bilaspur,Uttar Pradesh,259887,rrau@example.org,03373484767,Gold,2024-11-29
C0065,Jagat,Ben,2019-04-16,F,Morena,Mizoram,522149,ekantikabanerjee@example.net,00345816750,Bronze,2021-05-23
C0066,Odika,Krishnamurthy,2011-01-01,F,Kolkata,Mizoram,276220,amanda@example.org,9539657561,Bronze,2024-12-29
C0067,Devika,Tara,1924-11-08,F,Chandrapur,Odisha,414057,faqid15@example.net,+910245181681,Bronze,2025-01-04
C0068,Krishna,Basak,1995-12-02,F,Kadapa,Gujarat,747772,fitan68@example.org,5999629024,Bronze,2025-02-08
C0069,Jagvi,Sen,1967-07-22,F,Aurangabad,Sikkim,380515,yoshita25@example.com,+917751879650,Gold,2026-04-24
C0070,Neha,Seth,1968-03-18,M,Tenali,Andhra Pradesh,622924,banjeetkeer@example.com,0656045324,Silver,2024-03-23
C0071,Robert,Sridhar,2017-12-30,F,Phagwara,Arunachal Pradesh,974912,turvioak@example.net,09812348621,Gold,2022-03-06
C0072,Gopal,Kurian,1934-11-23,M,Ambala,Uttarakhand,395098,dev58@example.org,5608088061,Gold,2023-09-04
C0073,Atharv,Chhabra,1915-10-27,F,Srikakulam,Mizoram,211425,nitesh98@example.org,06368378315,Silver,2025-11-05
C0074,Andrew,Arora,1964-07-12,M,Jalgaon,Chhattisgarh,300888,jyoticherian@example.org,+917729021199,Bronze,2022-07-20
C0075,Rayaan,Arora,1910-07-04,M,Udaipur,Uttarakhand,277573,aarnavsachar@example.org,04521520446,Bronze,2026-01-16
C0076,Tristan,Sarin,1918-08-14,M,Kolkata,Punjab,807895,keerarin@example.com,+916641471239,Bronze,2021-06-09
C0077,Ranveer,Thaker,1958-11-30,F,Davanagere,Karnataka,446056,chaayaborde@example.com,+919455208467,Silver,2025-12-26
C0078,Pratyush,Vala,1975-04-24,M,Hospet,Jharkhand,294897,atwaldhriti@example.com,0970967686,Bronze,2025-02-28
C0079,Aradhana,Ahuja,1949-03-24,F,Gurgaon,West Bengal,543404,laban60@example.net,08160168928,Gold,2023-01-25
C0080,Raksha,Palla,1937-07-06,M,Sambhal,Andhra Pradesh,868848,tejasshukla@example.com,+912129784355,Bronze,2021-05-28
C0081,Aarna,Gokhale,1979-02-04,F,Rajahmundry,Arunachal Pradesh,647128,oni90@example.org,02041754705,Silver,2023-10-01
C0082,Riya,Ram,1932-08-28,M,Bhind,Goa,941524,xbakshi@example.net,+912712911314,Bronze,2022-10-14
C0083,Vincent,Patil,1950-09-05,F,Hosur,Uttar Pradesh,722193,jainlaban@example.com,+913736463370,Bronze,2022-11-30
C0084,Dayamai,Chad,1910-10-31,M,Madhyamgram,Assam,591076,kashyapcharan@example.com,+917228162586,Gold,2023-01-24
C0085,Balhaar,Raja,1939-05-16,F,Bardhaman,Rajasthan,507817,warhi95@example.net,07429523372,Bronze,2021-11-27
C0086,Barkha,Srinivas,1949-05-07,F,Guntakal,Madhya Pradesh,859893,isaiahshetty@example.com,+913844583313,Bronze,2023-06-06
C0087,Hredhaan,Ahluwalia,1927-02-03,M,Alappuzha,Tripura,913442,viswanathanekiya@example.com,8551024510,Gold,2021-11-03
C0088,Falak,Sura,1968-11-24,M,Gurgaon,Andhra Pradesh,142003,shenoywriddhish@example.com,+919699170594,Gold,2026-02-28
C0089,Raksha,Vig,1975-06-08,M,Latur,Haryana,606460,purohitpatrick@example.com,+913062746600,Bronze,2024-07-16
C0090,Netra,Trivedi,1933-10-22,F,Korba,Punjab,737318,nakshdoshi@example.net,9917531633,Silver,2023-10-10
C0091,Falan,Saxena,1959-03-07,M,Gwalior,Manipur,139929,zaitrakhosla@example.net,02174506809,Gold,2025-09-21
C0092,Zayan,Chauhan,1935-08-22,M,Chandigarh,Sikkim,683949,farhan55@example.net,0029760512,Gold,2025-05-08
C0093,Pallavi,Varkey,1920-08-03,F,Nadiad,Telangana,140421,vaidyaaryan@example.net,7284521830,Gold,2023-03-08
C0094,Azaan,Garde,1911-01-28,F,Aligarh,Himachal Pradesh,521560,tamannanatt@example.com,4771918921,Silver,2021-07-05
C0095,Amol,Vala,1967-09-25,M,Ujjain,Uttar Pradesh,305803,neeljhaveri@example.net,05389411243,Silver,2025-05-10
C0096,Mekhala,Aggarwal,2011-04-09,M,Deoghar,Mizoram,939775,nadkarniwridesh@example.com,7066303992,Silver,2021-12-06
C0097,Vihaan,Patel,1936-05-08,M,Hyderabad,Manipur,746671,ychakraborty@example.org,+918018151459,Silver,2021-10-16
C0098,Reva,Gara,2026-01-28,F,Patna,Tamil Nadu,860327,yashica58@example.net,06601102595,Bronze,2025-04-02
C0099,Riya,Kuruvilla,1926-08-26,F,Sri Ganganagar,Sikkim,141605,benjamin82@example.com,8386146987,Bronze,2023-02-17
C0100,Udarsh,Mannan,1923-03-30,F,Guna,Telangana,977900,svarkey@example.org,00314675272,Silver,2023-09-27
C0101,Omaja,Ratti,2014-04-30,M,Sagar,Uttarakhand,972209,badalfalguni@example.org,1174806473,Silver,2025-09-12
C0102,Raagini,Sant,2012-12-18,F,Bhimavaram,Maharashtra,622215,ratticharles@example.com,+910681905615,Gold,2022-11-02
C0103,Ojas,Subramanian,1973-07-26,F,Jorhat,Mizoram,888711,barkhabanerjee@example.org,05773397734,Bronze,2024-10-07
C0104,Barkha,Bal,1924-09-10,F,Parbhani,Rajasthan,531521,jacobsuri@example.com,+915124571776,Gold,2024-01-18
C0105,Ranbir,Pingle,2017-11-06,M,Danapur,Sikkim,066702,omishasodhi@example.org,+918957561380,Bronze,2026-02-01
C0106,Kai,Vyas,2003-03-24,M,Kolhapur,Chhattisgarh,742357,laksh98@example.net,3874681303,Bronze,2023-03-20
C0107,Watika,Rajan,2022-09-14,M,Bathinda,Andhra Pradesh,063092,turvi37@example.com,03226920244,Silver,2026-01-27
C0108,Krish,Kota,1989-09-05,F,Mysore,Madhya Pradesh,068104,bhavya78@example.com,07326060065,Silver,2021-10-13
C0109,Fitan,Bhargava,1990-11-04,F,Anand,Madhya Pradesh,694347,batrakashish@example.com,+916451295019,Silver,2022-08-20
C0110,Bachittar,Loyal,1954-06-22,M,Ozhukarai,Goa,703025,ywalia@example.net,9745026942,Silver,2025-08-09
C0111,Gayathri,Sastry,1999-02-21,F,Mumbai,Madhya Pradesh,860883,saiganesh@example.org,04596394877,Gold,2025-09-15
C0112,Arya,Chauhan,1951-10-11,M,Muzaffarpur,Odisha,119312,urvi16@example.net,6432974010,Bronze,2025-06-12
C0113,Gunbir,Sehgal,1992-07-13,M,Ongole,Himachal Pradesh,102152,imaranchaudhry@example.com,00617747616,Gold,2025-01-19
C0114,Waida,Dua,2022-10-22,M,Khandwa,Telangana,420692,wazirgolla@example.org,05176421054,Bronze,2026-05-19
C0115,Gautam,Loke,2022-01-25,F,New Delhi,Uttarakhand,751251,yashawini94@example.net,09535571997,Gold,2024-03-22
C0116,Dalbir,Mital,2009-05-23,F,Coimbatore,Chhattisgarh,718854,gagarwal@example.com,+915374725745,Gold,2021-07-04
C0117,Sai,Oommen,1994-01-30,M,Khora ,Assam,552980,rsubramanian@example.com,4794814130,Bronze,2025-08-03
C0118,Samar,Toor,1936-01-09,M,Ranchi,Meghalaya,324694,kashish31@example.org,+911713863603,Gold,2026-04-22
C0119,Christopher,Bhargava,1980-05-07,F,Maheshtala,Haryana,413910,netra28@example.net,8971927613,Bronze,2025-03-09
C0120,Krish,Naidu,2021-07-18,M,Kolhapur,Jharkhand,078303,shankaradvaith@example.com,+918290341523,Bronze,2022-04-06
C0121,Avni,Subramanian,1960-10-29,F,Bally,Haryana,905670,trivedijoshua@example.net,5296381783,Bronze,2022-01-24
C0122,Reva,Tailor,1977-09-05,M,Jaipur,Uttarakhand,152576,sara36@example.net,05170465206,Silver,2023-01-17
C0123,Inaya,Krish,1998-04-10,M,Sasaram,Uttar Pradesh,391014,vihaandube@example.org,9293996606,Gold,2023-12-20
C0124,Guneet,Dutt,1930-01-31,M,Saharsa,West Bengal,260624,pkonda@example.com,+918087615831,Silver,2023-10-31
C0125,Gayathri,Sood,1976-05-10,M,Shivpuri,Uttar Pradesh,476764,balhaarkulkarni@example.net,03885884890,Silver,2022-01-12
C0126,Devika,Misra,1945-05-19,F,Unnao,Madhya Pradesh,054728,mohini83@example.org,0988003352,Silver,2023-07-10
C0127,Bhavya,Bandi,1964-05-25,F,Thiruvananthapuram,Manipur,249642,falak21@example.net,5908596437,Silver,2024-04-27
C0128,Ryan,Nayar,1921-10-28,F,Ambattur,Himachal Pradesh,305317,ramanathanubika@example.net,+916538196684,Bronze,2023-09-03
C0129,Tanmayi,Shan,2016-09-09,F,Pali,Odisha,100621,gmahal@example.com,9840111273,Silver,2026-02-14
C0130,Ekaja,Palla,1971-09-24,M,Visakhapatnam,Karnataka,077166,banjeet38@example.org,08269968957,Bronze,2023-09-15
C0131,Caleb,Malhotra,1939-09-01,F,Shimla,Mizoram,021008,sonichampak@example.net,+912444642450,Silver,2022-04-01
C0132,Nilima,Krishnan,1911-02-19,F,Deoghar,Chhattisgarh,218555,tanayupadhyay@example.org,+918378857904,Silver,2025-09-21
C0133,Mitesh,Mander,2009-12-12,M,Patna,Assam,699518,chadayagnesh@example.net,2296122841,Gold,2023-12-07
C0134,Chandani,Yogi,1918-01-31,F,Nandyal,Bihar,567419,dyalpeter@example.org,1166571904,Bronze,2023-09-05
C0135,Lavanya,Das,1943-07-04,F,Surendranagar Dudhrej,West Bengal,373263,parmarryan@example.org,+913658357118,Bronze,2025-09-18
C0136,Arya,Hans,1929-01-27,M,Sikar,Andhra Pradesh,116591,masteroscar@example.com,+919015656977,Gold,2021-10-16
C0137,Jeet,Sangha,1977-01-19,M,Thrissur,Telangana,073832,samuel64@example.net,+917842114762,Gold,2025-12-18
C0138,Warda,Srinivas,1966-01-26,F,Kozhikode,Kerala,776162,sudikshatailor@example.org,06569985834,Gold,2025-12-27
C0139,Vrishti,Sami,1997-03-04,M,Guna,Haryana,449850,nirja11@example.com,09519428031,Bronze,2023-08-20
C0140,Bhanumati,Seth,2014-11-08,F,Bihar Sharif,Gujarat,030190,lbiswas@example.com,4311190784,Bronze,2022-08-04
C0141,Suhani,Kaur,2001-10-05,M,Aurangabad,Mizoram,138593,cganesan@example.net,1270879384,Bronze,2021-08-27
C0142,Mohini,Samra,1952-06-19,M,Dewas,Rajasthan,278082,balhaar36@example.org,+919954543480,Bronze,2024-07-22
C0143,William,Banerjee,1954-11-08,M,Vijayanagaram,Chhattisgarh,647963,modinikita@example.org,+915208730083,Gold,2024-09-08
C0144,Gabriel,Pal,1995-02-23,F,Lucknow,Nagaland,487326,lwable@example.net,1922562488,Gold,2025-11-29
C0145,Vansha,Behl,1944-05-03,F,Ambarnath,Goa,296792,shettywaida@example.com,+912686295486,Silver,2022-03-17
C0146,Nidra,Bava,1924-09-23,F,Kharagpur,Uttar Pradesh,753963,osharaf@example.com,06649987006,Gold,2025-12-21
C0147,Qushi,Tank,1942-12-02,M,Bhavnagar,Uttarakhand,014786,upadhyaychavvi@example.net,+918038595900,Bronze,2023-07-03
C0148,Omisha,Halder,1937-05-01,F,Dibrugarh,Madhya Pradesh,266884,horaabhimanyu@example.net,05464625510,Silver,2026-03-21
C0149,Karan,Dugar,1912-02-29,M,Cuttack,Jharkhand,318136,vasana25@example.org,04258862784,Silver,2025-05-19
C0150,Ganga,Iyer,1966-08-28,M,Anand,Goa,802930,mannavni@example.net,2987492171,Silver,2026-04-13
C0151,Bina,Muni,2013-01-16,F,Guntur,Gujarat,501032,smishra@example.net,00783892499,Silver,2021-06-17
C0152,Leena,Jayaraman,2006-08-07,F,South Dumdum,Nagaland,268580,george75@example.net,06968607661,Bronze,2022-07-27
C0153,Yash,Prashad,1930-05-06,F,Moradabad,Maharashtra,885595,nakulanand@example.com,+913198099950,Bronze,2022-05-03
C0154,Falan,Kurian,2000-04-04,M,Serampore,Jharkhand,884487,olanka@example.com,03888155276,Silver,2023-12-24
C0155,Yagnesh,Bhat,1938-02-21,M,Jaunpur,Telangana,155394,yswaminathan@example.org,2464865916,Bronze,2022-08-16
C0156,Urvashi,Saxena,1950-10-27,M,Tiruvottiyur,Arunachal Pradesh,717027,qsrinivas@example.net,3427799272,Bronze,2024-10-26
C0157,Yamini,Dave,1962-11-09,F,Ballia,Haryana,765388,onveernarayanan@example.com,+910859228383,Silver,2023-12-11
C0158,Elijah,Chokshi,1968-01-26,M,Anantapuram,Madhya Pradesh,038380,yashvishah@example.com,04505191948,Gold,2025-09-07
C0159,Noah,Chaudhary,2017-08-09,F,Gwalior,Haryana,724127,vaishnavioak@example.com,5766065922,Silver,2025-11-25
C0160,Yashasvi,Sood,1981-04-23,F,Bhagalpur,Manipur,255709,xdugar@example.com,08982997975,Bronze,2024-05-05
C0161,Faras,Behl,1997-11-02,M,Coimbatore,Madhya Pradesh,538586,naruladamini@example.org,5326763643,Gold,2021-10-06
C0162,Tejas,Thaman,1946-12-11,M,Loni,Rajasthan,660732,bimala13@example.com,+912601613659,Gold,2024-04-10
C0163,Jagdish,Vyas,2022-04-16,F,Jalna,West Bengal,326451,iryapingle@example.com,+912571641640,Bronze,2022-12-19
C0164,Yamini,Uppal,1955-01-20,M,Karimnagar,Uttarakhand,056840,nnarang@example.org,02153798274,Gold,2025-07-31
C0165,Amaira,Muni,1936-03-30,F,Noida,Arunachal Pradesh,579939,harrison04@example.org,02949685338,Bronze,2026-04-05
C0166,Warinder,Khare,1978-02-20,M,Allahabad,Tripura,157598,hzachariah@example.net,4971999424,Bronze,2024-01-25
C0167,Nitesh,Dhawan,2014-07-28,M,Bally,West Bengal,024252,kalaekansh@example.com,+911818075821,Silver,2023-08-03
C0168,Ronith,Vig,1918-09-04,F,Kollam,Himachal Pradesh,330550,loganoak@example.net,4154514004,Bronze,2025-09-25
C0169,Wakeeta,Pandya,2019-04-29,M,Udupi,Meghalaya,891466,saumya31@example.org,+913076039715,Silver,2021-05-26
C0170,Alexander,Hegde,2016-03-26,F,Surat,Tripura,290252,isaacbarad@example.com,00994343919,Bronze,2024-04-10
C0171,Nikita,Bhatt,2000-10-15,M,Durg,Madhya Pradesh,196601,noah42@example.org,4739418270,Silver,2025-10-08
C0172,Vrishti,Sha,2025-02-08,F,Ahmednagar,Tamil Nadu,253889,mkhurana@example.com,+910529001432,Gold,2024-03-30
C0173,Yachana,Mukherjee,1961-04-23,M,Raiganj,Arunachal Pradesh,972632,harshilbava@example.com,6215350643,Gold,2023-12-22
C0174,Ayush,Anand,1937-11-17,M,Tezpur,Punjab,504717,ramasathvik@example.net,06379462886,Silver,2022-05-17
C0175,Indrajit,Ghose,1938-06-04,M,Madurai,Tripura,515125,jrastogi@example.org,4758486646,Silver,2024-01-27
C0176,Anamika,Andra,1974-11-26,F,Amroha,Tamil Nadu,782223,calebreddy@example.net,+914601220355,Bronze,2022-05-04
C0177,Baghyawati,Hegde,1964-10-29,F,Kollam,Tamil Nadu,416651,gmittal@example.net,+916863857832,Bronze,2022-01-05
C0178,Madhav,Kala,1932-11-17,M,Varanasi,Manipur,934502,ghosechaitaly@example.net,+919144733326,Gold,2022-12-09
C0179,Arin,Bassi,1989-10-02,F,Sasaram,Goa,013239,aarini83@example.com,+910121270328,Silver,2025-06-26
C0180,Quincy,Korpal,1935-05-13,M,Amritsar,Uttarakhand,681044,tvarma@example.org,09293281470,Silver,2024-10-02
C0181,Damini,Chadha,1961-06-22,M,Kakinada,Kerala,834575,girindrawagle@example.org,+912349338152,Bronze,2022-02-23
C0182,Alexander,Kanda,2023-12-11,F,Etawah,Mizoram,337544,odikavasa@example.net,+915479652770,Silver,2024-01-03
C0183,Banjeet,Dugar,1916-04-03,F,Hospet,Mizoram,998945,tejas26@example.org,+914906603184,Silver,2023-11-30
C0184,Joshua,Dora,1953-05-14,F,Giridih,Tamil Nadu,004293,brijeshcontractor@example.org,+916340315038,Silver,2024-10-15
C0185,Finn,Subramaniam,1920-01-18,F,Sangli-Miraj & Kupwad,Jharkhand,810228,warinder84@example.com,9280621572,Bronze,2024-08-29
C0186,Hiral,Mall,2022-06-17,F,Darbhanga,Kerala,784810,tanay57@example.org,+919391719757,Silver,2024-02-29
C0187,Ekansh,Kuruvilla,2009-08-30,M,Motihari,Goa,398472,krishnaramesh@example.org,04907326792,Silver,2022-03-13
C0188,Triya,Chawla,1952-01-18,F,Gangtok,Uttarakhand,180562,edhitharout@example.org,+911603292002,Gold,2022-04-27
C0189,Ryan,Parikh,1922-05-13,M,Nangloi Jat,Andhra Pradesh,460173,agade@example.net,5723930845,Bronze,2025-08-17
C0190,Saumya,Nadkarni,1996-08-05,M,Panvel,Andhra Pradesh,727110,isaiahkhurana@example.org,04866122421,Silver,2024-11-30
C0191,Farhan,Sahota,2015-07-04,F,Nellore,Uttar Pradesh,700730,varsha82@example.org,05201083574,Silver,2023-10-06
C0192,Victor,Divan,1938-04-06,M,Bhiwani,Punjab,886475,chawlapallavi@example.org,6060461671,Bronze,2022-08-16
C0193,Ekaraj,Sur,1994-12-08,M,Berhampur,Goa,627435,chameli77@example.com,03245728768,Silver,2021-11-20
C0194,Yasti,Mann,2006-10-29,M,Rajkot,Karnataka,903132,neelimaseth@example.com,05466263284,Silver,2021-08-29
C0195,Ria,Bajwa,1934-12-13,M,Dewas,Arunachal Pradesh,330143,vorareyansh@example.net,+914919850288,Bronze,2026-03-13
C0196,Ubika,Dhaliwal,1977-11-11,M,Khora ,Himachal Pradesh,477611,samuel93@example.com,+910099279888,Bronze,2025-10-08
C0197,Yug,Natt,2007-06-25,F,Kalyan-Dombivli,Arunachal Pradesh,384734,naiduthomas@example.net,+914205216751,Silver,2023-07-23
C0198,Nisha,Dhaliwal,1912-03-13,F,Jorhat,Assam,204092,sanghvitara@example.com,07713892171,Gold,2022-12-14
C0199,Charan,Oommen,2014-06-19,M,Ujjain,Maharashtra,121227,faraj54@example.com,08714304535,Bronze,2022-06-10
C0200,Hemal,Minhas,1977-11-08,F,Hyderabad,Sikkim,477660,anshkant@example.org,02961743083,Silver,2024-05-19
C0201,Urishilla,Manda,1926-11-19,M,Ulhasnagar,Sikkim,052832,ranveer47@example.org,4410065654,Silver,2022-04-29
C0202,Anamika,Shetty,2023-09-10,M,Dibrugarh,Gujarat,981976,zaidbiswas@example.net,08174791320,Silver,2024-10-13
C0203,Owen,Dugal,1960-09-26,F,Jaunpur,Uttarakhand,657349,onveerkalita@example.org,+915456717618,Silver,2026-03-29
C0204,Sachi,Reddy,1959-12-31,M,Phusro,Punjab,699643,warinderbava@example.org,+912170041170,Bronze,2022-09-25
C0205,Harrison,Sridhar,2015-09-07,F,Unnao,Odisha,072497,wrajan@example.org,+914355769001,Silver,2022-04-23
C0206,Nihal,Sarna,1966-11-04,F,Morbi,Telangana,139525,qpatel@example.org,00558541631,Gold,2025-01-11
C0207,Shivansh,Ratta,2004-11-21,M,Bangalore,Telangana,175202,balveermalhotra@example.org,05656653173,Silver,2025-11-24
C0208,Anusha,Chana,1965-10-27,M,Kolhapur,Sikkim,092178,yoshitashenoy@example.com,+914776245829,Bronze,2024-07-02
C0209,Kabir,Krish,2003-01-24,M,Ongole,Chhattisgarh,135891,sneha40@example.com,08059471893,Gold,2022-06-25
C0210,Abhimanyu,Sen,1978-08-26,M,Raebareli,Uttarakhand,398179,ybora@example.com,5782969567,Bronze,2024-11-27
C0211,Sai,Toor,1980-12-16,M,Yamunanagar,Arunachal Pradesh,958476,agatechaaya@example.org,+915709465861,Silver,2024-11-25
C0212,Meera,Mandal,1987-03-25,M,Rajpur Sonarpur,Assam,524555,qabil25@example.com,7139297128,Gold,2024-03-09
C0213,Daksha,Pai,2005-05-08,F,Mysore,Rajasthan,473968,wsathe@example.org,+919621823881,Silver,2025-04-28
C0214,Neha,Chahal,1992-11-02,F,Jamnagar,West Bengal,721371,pathakjeet@example.com,+912381160372,Gold,2022-09-04
C0215,Rachit,Gaba,1998-08-30,M,Gwalior,Assam,821584,yashodhararatta@example.com,3873265883,Gold,2025-12-12
C0216,Rayaan,Deshpande,1944-04-11,F,Coimbatore,Nagaland,147621,mitterekansh@example.com,1181818055,Silver,2022-08-30
C0217,Diya,Nagi,1981-06-05,M,Sirsa,Telangana,689225,charanmahajan@example.net,+913776410806,Silver,2023-12-05
C0218,Akshay,Chand,1975-12-06,M,Morena,Sikkim,939438,ira46@example.com,6973370171,Bronze,2023-02-04
C0219,Prisha,Kuruvilla,1920-09-14,M,Bhubaneswar,Rajasthan,014488,goleisaiah@example.net,06718525448,Gold,2022-03-12
C0220,Ryan,Bava,1964-07-04,F,Patna,Maharashtra,017955,pyohannan@example.com,0026733816,Silver,2024-05-05
C0221,Ojas,Mammen,1921-02-27,F,Bathinda,Jharkhand,678714,harita63@example.com,+915333398472,Gold,2025-09-26
C0222,Nicholas,Banik,1937-06-25,F,Patiala,Chhattisgarh,648272,skeer@example.org,09253150590,Bronze,2021-12-10
C0223,Gopal,Palla,2014-09-04,M,Raichur,Jharkhand,364465,bmital@example.org,2866498928,Gold,2023-07-23
C0224,Hemal,Ranganathan,1989-03-08,M,Mehsana,Meghalaya,781002,mukherjeerachit@example.net,+915226376690,Silver,2023-06-08
C0225,Zashil,Badami,1991-09-08,M,Kalyan-Dombivli,Kerala,030500,sachdevdayamai@example.org,9431603977,Bronze,2024-12-13
C0226,Isaac,Oommen,2021-10-18,M,New Delhi,Assam,031413,tdubey@example.net,08054183391,Bronze,2022-04-22
C0227,Pushti,Tara,1925-09-15,F,Howrah,Karnataka,899027,mekhala65@example.org,+919029642403,Silver,2025-03-25
C0228,Omya,Naik,1946-01-18,F,Kolhapur,Kerala,863718,aditya03@example.org,00049808908,Silver,2023-10-03
C0229,Hema,Bumb,1996-08-06,M,Orai,West Bengal,398919,upkaar78@example.com,08990531677,Gold,2026-03-14
C0230,Matthew,Loyal,1913-01-08,F,Amravati,Gujarat,636507,maninaveen@example.org,02793905869,Bronze,2026-01-27
C0231,Turvi,Aggarwal,1956-05-18,F,Jaunpur,Tripura,989985,mitesh61@example.org,+915820968240,Gold,2021-05-31
C0232,Rachit,Dua,1973-07-06,M,Ghaziabad,Tripura,391586,aptehritik@example.net,+911025900808,Bronze,2023-04-21
C0233,Kala,Dua,1938-08-27,F,Bareilly,Himachal Pradesh,654386,isaac49@example.net,+911114094242,Bronze,2023-03-05
C0234,Samuel,Palan,1957-08-10,M,Meerut,Arunachal Pradesh,415971,shettywarinder@example.org,06287503925,Bronze,2023-05-17
C0235,Devansh,Bansal,1960-06-03,M,Chandigarh,Uttarakhand,175624,natarajanalka@example.org,0750879296,Bronze,2022-09-08
C0236,Wakeeta,Sane,1964-01-16,M,Unnao,Tamil Nadu,226613,aishani37@example.net,+916032011000,Silver,2025-03-28
C0237,Hardik,Lala,1964-09-10,M,Jalna,Nagaland,178466,mandayuvraj@example.net,+915466444337,Silver,2024-12-26
C0238,Gopal,Hari,1944-07-17,M,Erode,Bihar,567622,krishna57@example.net,07356672315,Silver,2024-03-16
C0239,Zaid,Lad,1926-02-21,F,Nagpur,Nagaland,015481,sekhonupkaar@example.com,1836974844,Silver,2023-09-13
C0240,Indira,Dewan,2020-09-01,M,Karnal,Meghalaya,622858,turvi13@example.com,03817151493,Silver,2024-11-25
C0241,Samaksh,Parekh,1914-07-01,M,Surat,Assam,849391,lipika52@example.net,2339420009,Gold,2022-02-05
C0242,Kai,Amble,1967-09-22,F,Kumbakonam,Punjab,588393,jchatterjee@example.com,05423191322,Bronze,2025-06-22
C0243,Wriddhish,Manne,1955-12-24,F,Ambarnath,Tripura,275525,ekhalsa@example.com,03073662574,Bronze,2021-09-21
C0244,Qushi,Pradhan,2021-04-20,M,Dehradun,Odisha,992096,fchoudhary@example.com,+915600097611,Gold,2023-08-15
C0245,Eiravati,Kakar,2011-01-28,F,Panchkula,Mizoram,495642,mohini82@example.org,+911375267761,Silver,2024-06-13
C0246,Harish,Mody,1993-08-08,M,Sambhal,Andhra Pradesh,411665,zaiddhillon@example.com,+910980529167,Gold,2024-09-02
C0247,Laban,Dhar,1973-01-14,F,Erode,Kerala,185073,meghanakata@example.net,+910769821206,Silver,2025-12-18
C0248,Zaid,Som,1919-12-27,F,Bulandshahr,Goa,541336,pmohanty@example.com,08355407792,Gold,2024-12-29
C0249,Tarak,Gulati,2007-09-03,F,Raiganj,Maharashtra,032522,gaurangibatta@example.com,07398382083,Bronze,2022-11-10
C0250,Nikita,Kala,1914-01-07,F,Gulbarga,Rajasthan,257968,rmander@example.org,07422089249,Bronze,2025-07-03
C0251,George,Chand,1953-01-08,F,Durg,Haryana,216305,samrasara@example.com,+912682983643,Gold,2021-12-01
C0252,Luke,Deol,2003-08-07,F,Bidhannagar,Andhra Pradesh,157091,tseth@example.com,0027506643,Bronze,2021-08-30
C0253,Saanvi,Kanda,1961-01-06,M,Siwan,Tripura,971056,arya76@example.net,07014704612,Silver,2023-02-28
C0254,Maanav,Kala,1929-08-27,M,Asansol,Telangana,929019,gaurangi59@example.net,4100122598,Silver,2021-08-01
C0255,Patrick,Behl,1929-07-12,F,Srinagar,West Bengal,562584,venkataramanyashica@example.net,+914466744275,Silver,2021-08-24
C0256,Watika,Mital,1921-03-21,M,Dibrugarh,Jharkhand,895150,bariatanvi@example.net,+912252635789,Bronze,2026-02-18
C0257,Neha,Shan,1933-05-24,M,Aizawl,Chhattisgarh,058316,anmolkeer@example.org,9767797488,Bronze,2023-08-21
C0258,Darsh,Mallick,1950-12-26,M,Satna,Jharkhand,890038,jasonchandran@example.org,01852125948,Bronze,2021-07-17
C0259,Jatin,Shanker,1950-11-12,F,Rajahmundry,Mizoram,391034,bdhillon@example.com,8616899785,Gold,2023-06-06
C0260,Unni,Bhatti,2002-01-19,M,Phagwara,Assam,510528,fpuri@example.com,7189208509,Silver,2025-07-02
C0261,Gopal,Sule,1926-09-12,F,Surat,Bihar,363727,maxmangat@example.net,06692909692,Gold,2023-05-18
C0262,Aditya,Kakar,1931-09-11,F,Gaya,Bihar,335405,nikita17@example.com,02358344587,Gold,2024-08-01
C0263,Maanav,Bala,1999-07-08,F,Pune,Uttar Pradesh,567141,qkadakia@example.com,+916292579603,Bronze,2024-02-11
C0264,Aarnav,Bava,1922-01-14,M,Nellore,Nagaland,598219,fariqsaini@example.com,08678628467,Bronze,2024-02-23
C0265,Raksha,Sant,1924-01-22,M,Karaikudi,Bihar,237995,dugarcharita@example.org,+915215383599,Gold,2024-12-17
C0266,Jonathan,Chopra,1925-11-07,M,Surendranagar Dudhrej,Gujarat,586788,lila56@example.com,2201354132,Silver,2024-09-13
C0267,Udyati,Baria,1939-04-14,F,Panchkula,Karnataka,546664,qsandal@example.com,02143513206,Silver,2024-03-27
C0268,Vritti,Sami,2016-06-18,M,Kulti,Sikkim,704124,duttmugdha@example.org,+918501299943,Bronze,2023-05-19
C0269,Chaitaly,Kari,1923-09-06,F,Dindigul,Gujarat,859172,ychauhan@example.com,00998054331,Bronze,2024-08-03
C0270,Bina,Rana,1920-07-05,F,Tenali,Jharkhand,223899,saksham91@example.net,9771402081,Silver,2023-08-13
C0271,Michael,Prakash,2010-11-23,M,Kozhikode,Assam,715629,jhalakrana@example.net,4627816615,Silver,2026-03-21
C0272,Bhavya,Barad,2021-08-19,F,Tezpur,Rajasthan,493627,januja53@example.com,08136036971,Silver,2022-03-30
C0273,Xiti,Kuruvilla,2014-06-20,M,Saharanpur,Sikkim,788158,khari@example.com,4808756335,Bronze,2023-07-01
C0274,Jagvi,Choudhary,1955-11-01,M,Vijayanagaram,Karnataka,405948,bhattacharyyaaadi@example.net,4472878550,Gold,2025-06-30
C0275,Rushil,Srinivas,1999-06-19,M,Bidhannagar,Sikkim,120819,theodorekakar@example.com,8452163823,Bronze,2025-12-23
C0276,Ronith,Gala,1980-07-11,M,Nashik,Uttarakhand,201168,zgupta@example.net,7799860114,Gold,2023-07-28
C0277,Charan,Butala,1941-12-13,M,Hapur,Chhattisgarh,928343,nihalkhalsa@example.com,5990527876,Gold,2023-07-27
C0278,Lucky,Dutta,1915-05-30,F,Hubli–Dharwad,Uttar Pradesh,320059,krishasarin@example.com,05777777963,Bronze,2026-01-12
C0279,Ikbal,Borde,1985-03-12,F,Tiruppur,Odisha,896438,beraomya@example.com,+919146389984,Gold,2025-02-02
C0280,Irya,Balasubramanian,1951-01-16,F,Raebareli,Nagaland,348744,anneorinder@example.net,1948765294,Silver,2021-11-01
C0281,Aradhana,Chhabra,2014-09-21,M,Katihar,Mizoram,763741,faris12@example.org,09917963489,Bronze,2024-09-14
C0282,Fitan,Raman,1940-04-17,M,Hindupur,Himachal Pradesh,446551,deepa03@example.net,+910503666268,Silver,2024-10-29
C0283,Anmol,Nagar,1997-04-28,M,Tiruppur,Himachal Pradesh,444505,ganeshgagan@example.com,+916645478016,Gold,2022-01-16
C0284,Vasatika,Ganguly,2023-12-11,M,Bikaner,Jharkhand,296173,wriddhishkeer@example.org,07394725131,Silver,2024-01-03
C0285,Dhruv,Kalita,1927-08-10,M,Buxar,Madhya Pradesh,091735,kalamunshi@example.org,03209686217,Silver,2024-09-09
C0286,Ayushman,Sridhar,1965-04-30,F,Gangtok,Chhattisgarh,834710,qabilom@example.net,03036373453,Silver,2025-03-07
C0287,Ayushman,Master,2014-03-20,F,Burhanpur,Chhattisgarh,922396,krishvamakshi@example.net,+917113192518,Bronze,2024-09-24
C0288,Dev,Khalsa,1910-06-12,M,Sonipat,Jharkhand,234955,luthrainaya@example.net,7631934333,Bronze,2022-01-22
C0289,Dhruv,Das,1923-02-05,F,Bilaspur,Meghalaya,055184,ekiya38@example.com,1034070205,Gold,2025-05-01
C0290,Isaiah,Gala,1968-12-26,M,Katni,Kerala,995382,dalalforum@example.net,+915954456678,Gold,2023-05-02
C0291,Aarav,Raj,1948-09-27,F,Miryalaguda,Manipur,010448,rgarg@example.org,05157624304,Bronze,2024-09-17
C0292,Aarnav,Ramakrishnan,1957-10-25,F,Gandhidham,Assam,799600,sawhneydamini@example.org,8335680785,Silver,2022-06-27
C0293,Ranbir,Bath,1949-01-05,M,Gandhidham,Jharkhand,223479,manneqadim@example.com,0237780598,Gold,2023-07-15
C0294,Simon,Bakshi,2009-04-05,M,Delhi,Manipur,974162,wboase@example.net,01234520314,Bronze,2022-04-26
C0295,Abeer,Chana,1952-11-26,F,Kanpur,Manipur,907514,hbalasubramanian@example.com,7071511756,Silver,2022-08-01
C0296,Kamala,Ramakrishnan,1968-03-02,M,Nandyal,Uttar Pradesh,691198,pushti86@example.net,07638801597,Gold,2022-10-20
C0297,Ayushman,Rastogi,1954-07-23,F,Raurkela Industrial Township,Telangana,325088,zdhar@example.com,7227344862,Silver,2023-07-24
C0298,Radha,Sagar,2000-06-06,F,Ghaziabad,Andhra Pradesh,018894,qushi74@example.net,06368297340,Gold,2022-06-29
C0299,Nicholas,Lala,1938-02-14,F,Thrissur,Chhattisgarh,302091,gauravpant@example.org,03485085679,Gold,2022-08-18
C0300,Anthony,Balasubramanian,1983-03-28,F,Morena,Tripura,229744,pnayak@example.org,9721808504,Gold,2025-05-26
C0301,Ayush,Sura,1913-02-27,F,Kamarhati,Kerala,346968,subramaniannikita@example.com,+914929723864,Gold,2022-04-03
C0302,Wyatt,Dubey,1913-12-18,M,Sultan Pur Majra,Tamil Nadu,999720,murtyhemangini@example.com,06311218779,Silver,2021-06-30
C0303,Orinder,Seth,1976-06-28,M,Aizawl,Kerala,201918,ekajabasu@example.net,01377333141,Silver,2023-07-14
C0304,Rehaan,Panchal,1975-09-29,M,Ongole,Manipur,996104,wdate@example.org,+911480888520,Bronze,2021-07-04
C0305,Saanvi,Swamy,2002-12-10,F,Pondicherry,Manipur,831331,raghavbora@example.org,8265603647,Bronze,2024-10-19
C0306,Lavanya,Pandey,1995-12-07,F,Jorhat,Arunachal Pradesh,430483,jatin02@example.com,2937099010,Bronze,2023-05-29
C0307,Om,Sundaram,1925-10-08,F,Muzaffarpur,Sikkim,124096,bhattzashil@example.net,09310841833,Bronze,2025-04-06
C0308,Niharika,Lal,1976-07-22,M,Amroha,Assam,653478,tlal@example.com,+919522098265,Gold,2025-11-10
C0309,Ishani,Bose,1946-06-07,M,Naihati,Tripura,260956,rajachandran@example.net,8939501417,Silver,2023-11-12
C0310,Hemangini,Lalla,2016-09-11,M,Bettiah,Nagaland,113824,raigautami@example.net,08628138244,Silver,2022-02-16
C0311,Hritik,Trivedi,1914-02-12,F,Uluberia,Jharkhand,840429,balvansuri@example.com,+910697015110,Bronze,2021-06-05
C0312,Maya,Datta,1936-08-01,F,Fatehpur,Goa,064026,singhaladweta@example.org,+910814614761,Gold,2025-12-30
C0313,Abdul,Nanda,1918-09-15,F,Medininagar,Meghalaya,166104,eta58@example.org,+918535186902,Bronze,2023-05-16
C0314,Raagini,Parsa,1949-04-22,F,Adoni,Maharashtra,342079,hegdenaveen@example.org,5236724917,Silver,2023-08-25
C0315,Pushti,Bhatt,1999-01-02,M,Solapur,Manipur,792780,yrege@example.net,4039099861,Gold,2023-08-26
C0316,Chatresh,Varkey,2000-04-25,F,Bidhannagar,Telangana,336801,jasmitsethi@example.org,8449756948,Silver,2023-10-20
C0317,Darsh,Pau,1953-06-02,M,Tadepalligudem,Andhra Pradesh,837891,pavanisinghal@example.net,4711982898,Bronze,2022-06-16
C0318,Chakrika,Singh,1969-08-31,F,Kirari Suleman Nagar,Sikkim,792868,ijayapant@example.net,5983165271,Gold,2024-07-08
C0319,Yochana,Sibal,2001-02-28,M,Morbi,Tamil Nadu,840549,upasnasubramaniam@example.com,+913559185144,Silver,2022-05-29
C0320,Shivansh,Bassi,1929-01-23,F,Hajipur,Nagaland,935661,rrau@example.com,08401698472,Bronze,2025-06-03
C0321,Sanya,Gopal,2011-04-10,M,Pondicherry,Tripura,972925,yoshita16@example.org,1636590128,Gold,2024-11-28
C0322,Janya,Chhabra,2015-06-13,F,Tiruchirappalli,Tripura,708422,varghesesamuel@example.net,03835519008,Bronze,2023-03-11
C0323,Nisha,Bains,1995-08-16,F,Ludhiana,Maharashtra,031663,bmangal@example.org,00544548460,Bronze,2021-10-31
C0324,Wyatt,Garg,2020-09-30,M,Bally,Manipur,940777,akshay83@example.net,+911720016203,Silver,2023-02-15
C0325,Yashodhara,Sarin,1923-03-20,F,Baranagar,Maharashtra,619842,wlala@example.com,+916749850520,Gold,2023-12-21
C0326,Nitesh,Mangat,1970-06-10,M,Tadipatri,Nagaland,952143,alka57@example.com,+910753188961,Bronze,2025-11-19
C0327,Ekaraj,Biswas,1951-05-31,F,Amravati,Assam,392530,ekavirmahal@example.net,08483725401,Bronze,2021-11-26
C0328,Prisha,Bal,1991-01-06,F,Tirunelveli,Karnataka,814626,yashoda99@example.org,9419146138,Silver,2024-11-04
C0329,Chandran,Maharaj,1997-01-23,F,Khora ,Mizoram,327945,nandafitan@example.org,+914386955765,Bronze,2026-01-20
C0330,Aarush,Saxena,1944-06-17,F,Dehri,Manipur,519217,watikapalla@example.com,+918240679852,Silver,2021-09-28
C0331,Adya,Cheema,1958-04-26,F,Hapur,Kerala,978912,theodorelala@example.com,+916808933708,Gold,2024-07-23
C0332,Zansi,Pandya,1927-07-12,M,Ghaziabad,Haryana,484906,puriwridesh@example.org,2281888479,Bronze,2022-09-27
C0333,Odika,Balan,1912-12-23,M,Firozabad,West Bengal,104725,forum60@example.net,03378200239,Bronze,2025-09-20
C0334,Lekha,Prasad,1929-01-13,M,Varanasi,Rajasthan,845385,keyakumar@example.org,7909149992,Silver,2024-12-02
C0335,Isaiah,Patla,1940-04-25,F,Mangalore,Assam,254964,isaiahtank@example.org,4028683722,Gold,2022-05-06
C0336,Yashawini,Khalsa,2008-01-16,F,Pudukkottai,Punjab,643329,brijesh91@example.com,+916782939053,Silver,2024-07-06
C0337,Chanakya,Chokshi,1928-11-09,F,Khammam,Chhattisgarh,492571,nilima50@example.org,+914083315912,Silver,2024-12-02
C0338,Wahab,Bajaj,1929-01-14,M,South Dumdum,Goa,605175,qsrivastava@example.net,+917234371175,Silver,2021-09-02
C0339,Ikbal,Tak,1977-11-17,M,Erode,Rajasthan,228861,dinudant@example.org,7302998317,Silver,2026-02-11
C0340,Chaitaly,Kala,1962-12-27,F,Dehradun,Arunachal Pradesh,840284,bahadurjit23@example.org,9735422959,Silver,2023-10-31
C0341,Tamanna,Bala,1973-03-31,M,Jammu,Jharkhand,641449,routhamsini@example.org,9296774470,Silver,2024-08-07
C0342,Balveer,Jayaraman,1991-03-27,M,Baranagar,Rajasthan,911342,yastipatla@example.com,09071734310,Bronze,2025-08-06
C0343,Charvi,Ganguly,1956-02-13,M,Karimnagar,Goa,421302,nattagastya@example.com,3911186974,Bronze,2022-10-17
C0344,Vasana,Yogi,1923-07-11,F,Bharatpur,Odisha,221956,rayaantaneja@example.org,01267109753,Bronze,2024-05-13
C0345,Pooja,Ranganathan,1922-09-17,F,Bally,Manipur,965295,charanjaggi@example.com,03467630861,Bronze,2024-06-03
C0346,Omisha,Chand,1916-08-12,F,Shimoga,Meghalaya,896243,aahana07@example.com,01799314008,Silver,2021-07-17
C0347,Aarna,Chana,1981-04-14,M,Thoothukudi,Odisha,784338,nadigati@example.net,05107666071,Bronze,2025-10-07
C0348,Kai,Narasimhan,1970-05-08,F,Munger,Bihar,461681,zraja@example.com,8861320225,Silver,2022-08-23
C0349,Chaaya,Lall,1944-08-26,M,Baranagar,Karnataka,529489,udant62@example.org,3851788593,Silver,2026-02-01
C0350,Elijah,Badal,1912-09-15,M,Gaya,Madhya Pradesh,755201,ozareyansh@example.net,6899540990,Bronze,2022-08-27
C0351,Balendra,Dewan,1952-10-27,M,Singrauli,Assam,623487,qarinzacharia@example.org,01946730882,Bronze,2022-04-09
C0352,Christopher,Chopra,1920-07-31,M,Anantapuram,Chhattisgarh,944445,reddyomaja@example.com,+916461408707,Silver,2026-04-23
C0353,Tripti,Sami,2021-09-13,F,Kulti,Rajasthan,852884,zehaan69@example.org,+915619030504,Gold,2024-10-24
C0354,Sara,Koshy,1934-04-02,F,Rajpur Sonarpur,Himachal Pradesh,348004,aarini52@example.com,+911596076136,Bronze,2024-06-14
C0355,Guneet,Pandey,2014-10-14,M,Jalandhar,Telangana,986869,wakeetasodhi@example.net,1968292629,Gold,2024-10-26
C0356,Sanaya,Vala,1911-09-03,F,Dharmavaram,Madhya Pradesh,571829,duppal@example.org,9529494884,Silver,2023-03-17
C0357,Ryan,Iyengar,1918-06-21,F,Nagaon,Kerala,320753,lalaliam@example.com,02502652639,Gold,2026-02-03
C0358,Reyansh,Sawhney,1927-06-03,F,Burhanpur,Goa,093710,bhanumati06@example.org,7956478678,Silver,2021-12-27
C0359,Nathaniel,Dugar,2007-01-12,F,Dhule,Rajasthan,048814,wchaudhry@example.org,02842476829,Bronze,2024-11-09
C0360,Ekiya,Nanda,1999-10-17,M,Haldia,Maharashtra,939734,chakrika12@example.org,7847191040,Gold,2026-01-20
C0361,Balveer,Malhotra,2011-12-09,F,Mumbai,Kerala,957418,iyerrajata@example.com,+916232549483,Bronze,2023-06-23
C0362,Yoshita,Sarin,1979-05-20,M,Miryalaguda,Tamil Nadu,187860,rnanda@example.net,02381362458,Gold,2023-04-16
C0363,Jacob,Bhatia,1954-02-17,M,Kanpur,Gujarat,793119,zayan86@example.com,05368739387,Silver,2023-11-09
C0364,Eta,Srinivasan,1953-11-15,M,Tirupati,Telangana,208458,fmallick@example.org,+910741240038,Bronze,2025-06-29
C0365,Anvi,Sarin,1942-01-15,F,Saharsa,Himachal Pradesh,974693,henry83@example.com,2309329855,Silver,2021-10-26
C0366,Fitan,Sharaf,1988-08-24,F,Haldia,Arunachal Pradesh,494034,mlal@example.org,+919798337775,Silver,2023-07-14
C0367,Reva,Lad,1978-12-26,F,Sultan Pur Majra,Tamil Nadu,728780,manyadeo@example.org,+916154511185,Bronze,2025-09-16
C0368,Charita,Shanker,2002-01-15,F,Aurangabad,Andhra Pradesh,228276,xalakde@example.com,07933202620,Gold,2025-08-29
C0369,Mitesh,Kala,2020-06-24,F,Naihati,Odisha,944337,natheesha@example.org,+910712522648,Silver,2025-01-05
C0370,Aayush,Brahmbhatt,1964-08-10,F,Uluberia,Assam,660829,daraaahana@example.com,6627101736,Bronze,2021-05-21
C0371,Zilmil,Randhawa,1983-08-04,M,South Dumdum,Bihar,930069,unni86@example.net,07977232845,Gold,2024-07-09
C0372,Xavier,Loke,1917-12-19,F,Morbi,Uttarakhand,675499,yatanshenoy@example.com,08401331431,Gold,2021-08-11
C0373,Yamini,Dhar,1961-02-26,M,Ratlam,Bihar,357038,ryansrivastava@example.net,05595280334,Bronze,2022-09-16
C0374,Gautami,Iyengar,2011-04-25,F,Shahjahanpur,Odisha,658583,sanayawalia@example.org,2011431311,Bronze,2022-04-29
C0375,William,Kara,1947-05-01,M,Etawah,Arunachal Pradesh,865583,gaurikapalla@example.org,+912365129634,Bronze,2022-03-25
C0376,Vrinda,Purohit,1966-11-14,F,Navi Mumbai,Mizoram,991775,jganesan@example.org,00994697240,Silver,2023-09-16
C0377,Yashvi,Kapoor,2005-07-18,F,Gudivada,Bihar,042034,ipatel@example.org,3320635137,Silver,2025-10-03
C0378,Bakhshi,Dhar,1991-03-01,M,Tadipatri,Andhra Pradesh,531375,okala@example.org,+917992943216,Gold,2024-07-06
C0379,Samaksh,Dayal,1922-04-09,F,Secunderabad,Punjab,579591,agastya25@example.org,+914464998453,Gold,2025-05-16
C0380,Anay,Muni,1983-03-24,F,Fatehpur,Andhra Pradesh,257835,vmall@example.net,3833122032,Bronze,2021-12-26
C0381,Odika,Kalla,1984-07-21,M,Sultan Pur Majra,Andhra Pradesh,849109,avarghese@example.net,+910169881412,Gold,2024-11-25
C0382,Girindra,Varghese,1947-04-24,F,Kishanganj,Karnataka,990321,zayan00@example.net,06667836036,Silver,2023-11-18
C0383,Oeshi,Padmanabhan,1975-03-20,M,Ajmer,Mizoram,144193,uoak@example.org,9984430588,Silver,2022-06-15
C0384,Naksh,Vig,1921-09-11,M,Surat,Odisha,764609,qarinnath@example.com,+910690029307,Gold,2022-09-18
C0385,Anmol,Sridhar,2001-02-06,M,Bilaspur,Sikkim,961980,tbhattacharyya@example.net,7334210651,Bronze,2026-01-25
C0386,Rachana,Mammen,2021-02-18,F,Dewas,Mizoram,304220,guptaorinder@example.org,+918360022847,Silver,2026-03-23
C0387,Harish,Bajwa,1979-11-27,F,Malda,Uttar Pradesh,170609,turviboase@example.org,08904349445,Silver,2023-11-07
C0388,Hemang,Thakur,2013-03-08,M,Loni,Jharkhand,779237,dev65@example.org,5767246491,Bronze,2023-04-22
C0389,Ikshita,Menon,1934-03-20,M,Barasat,Haryana,649538,nicholaskale@example.org,+910603165321,Gold,2023-09-18
C0390,Zansi,Rau,1976-07-20,M,Kota,West Bengal,664648,wakeetachar@example.net,+911621577973,Gold,2023-04-01
C0391,Logan,Sarkar,1980-07-30,F,Rajahmundry,Mizoram,020339,pavani95@example.net,04484921710,Silver,2023-11-01
C0392,Warjas,Mital,1914-08-31,F,Proddatur,Rajasthan,152218,nnarayan@example.com,+915788047206,Bronze,2025-01-19
C0393,Pushti,Vohra,1971-10-09,M,Bihar Sharif,Manipur,615135,nachiketkrishna@example.org,6395197749,Gold,2024-11-20
C0394,Mitali,Natt,1951-06-13,F,Kishanganj,Rajasthan,050963,umang30@example.net,00371740129,Gold,2023-03-02
C0395,Anirudh,Mahal,1988-02-24,F,Munger,Madhya Pradesh,656589,mugdhadass@example.org,5653021888,Gold,2023-02-05
C0396,Zaitra,Shenoy,2018-02-26,F,Bareilly,Tripura,780718,ukale@example.net,+912893497919,Gold,2026-05-19
C0397,Vasana,Verma,1994-10-04,F,Darbhanga,Punjab,080459,geranaksh@example.org,+910520127282,Gold,2024-08-01
C0398,Lajita,Bandi,2012-08-17,M,Bhiwandi,Manipur,074056,raghavgoyal@example.com,3205843255,Bronze,2024-01-26
C0399,Aayush,Bawa,1948-11-23,F,Bellary,Maharashtra,442744,mangaldakshesh@example.org,6920988839,Silver,2022-04-06
C0400,Tanveer,Mittal,1964-11-18,M,Bokaro,Tripura,700375,kpal@example.com,3865832625,Silver,2021-09-17
C0401,Harsh,Batra,1995-10-21,M,Malda,West Bengal,819005,fwason@example.com,00974083546,Bronze,2025-07-31
C0402,Faras,Venkataraman,1947-08-08,F,Yamunanagar,Tripura,937309,kritika53@example.net,8371245174,Silver,2022-10-15
C0403,Damini,Jhaveri,2011-06-30,M,Deoghar,Karnataka,298476,sodhirachita@example.net,08688185968,Silver,2024-09-26
C0404,Mugdha,Kapadia,1980-04-01,M,Katni,Meghalaya,860552,banand@example.org,1439476637,Gold,2025-01-21
C0405,Owen,Kamdar,1956-03-01,F,Bhavnagar,Mizoram,135278,jeevikaanne@example.net,8396884243,Bronze,2025-07-20
C0406,Wyatt,Grover,1943-04-22,M,Jammu,Maharashtra,894219,gautamilad@example.net,0503151442,Silver,2023-11-14
C0407,Oni,Saraf,1915-07-15,F,Jaipur,Uttar Pradesh,359782,varenya72@example.com,07020249552,Gold,2021-10-03
C0408,Fariq,Atwal,2020-04-22,F,Hyderabad,Jharkhand,543948,dhingrasathvik@example.org,3688376515,Bronze,2022-07-24
C0409,Ishaan,Dugar,2000-06-10,F,Saharanpur,West Bengal,490525,edhitha31@example.net,1793991061,Silver,2021-09-08
C0410,Yagnesh,Parikh,1943-03-27,M,Mumbai,Chhattisgarh,401635,anthonyyadav@example.net,04098121567,Bronze,2025-07-05
C0411,Samuel,Brahmbhatt,1966-11-12,M,Chittoor,Sikkim,826917,tanvi41@example.org,04266733927,Bronze,2024-02-08
C0412,Amrita,Nagy,1961-12-17,M,Cuttack,Odisha,057883,mekhala75@example.net,4024225728,Gold,2025-08-28
C0413,Adya,Brahmbhatt,1921-10-18,F,Durgapur,Uttar Pradesh,301638,wardadar@example.org,1800170852,Bronze,2026-04-23
C0414,Chakradhar,Baral,1992-02-03,F,Khandwa,Gujarat,404047,chaitalyvala@example.org,07891012480,Bronze,2024-07-25
C0415,Ishani,Thaman,1998-12-03,M,Agartala,Goa,939801,atwalvedhika@example.com,0449186143,Silver,2023-10-08
C0416,Ekapad,Sengupta,1970-09-28,F,Nizamabad,Sikkim,005076,bhavna13@example.com,07900722937,Gold,2021-10-19
C0417,Jeet,Krish,1916-02-01,F,Haridwar,Madhya Pradesh,999128,xoommen@example.com,7478823105,Gold,2023-08-27
C0418,Upma,Sandal,1977-12-12,F,Phusro,Maharashtra,362045,janani88@example.org,1214973119,Gold,2024-07-17
C0419,Reva,Sen,1912-05-22,F,Bhagalpur,Arunachal Pradesh,535038,khalsamegha@example.com,00818872147,Silver,2022-07-10
C0420,Radhika,Amble,1983-05-25,M,Siwan,Rajasthan,849574,diptakuruvilla@example.com,02368425794,Bronze,2022-02-13
C0421,Isha,Dubey,1920-07-23,M,Kolhapur,Assam,207418,onarula@example.org,8954219315,Gold,2025-04-14
C0422,Aashi,Sethi,1913-09-08,M,Vijayanagaram,Andhra Pradesh,944284,virajiyengar@example.net,03202010070,Bronze,2022-09-03
C0423,Alexander,Srinivas,1988-09-29,F,Raurkela Industrial Township,Jharkhand,969299,bvarghese@example.com,+913475135753,Gold,2024-11-02
C0424,Suhani,Pai,1927-11-14,M,Hosur,Tamil Nadu,872677,mananmurty@example.org,9432992662,Bronze,2024-02-04
C0425,Suhani,Sarin,1947-09-05,F,Dewas,Gujarat,761037,shivansh88@example.com,4324861031,Gold,2024-12-11
C0426,Urmi,Oommen,1911-10-31,M,Panvel,Rajasthan,606530,ughosh@example.com,+911562817828,Gold,2024-01-20
C0427,Ekta,Brar,1932-12-03,M,Yamunanagar,West Bengal,037242,lajitachana@example.org,2235030954,Gold,2026-05-03
C0428,Ridhi,Hari,2001-09-05,F,Raipur,Kerala,993160,ikshitaramaswamy@example.com,09536125171,Gold,2022-01-30
C0429,Chasmum,Upadhyay,2011-04-19,F,Hajipur,Goa,538608,minhashredhaan@example.net,7476850758,Bronze,2021-08-17
C0430,Bahadurjit,Majumdar,1913-12-28,F,Rajahmundry,Haryana,946816,anirudh98@example.com,01415614582,Gold,2023-03-23
C0431,Aadi,Chauhan,2005-10-23,M,Khandwa,Sikkim,897913,knarula@example.org,+911857388347,Gold,2022-12-11
C0432,Kamala,Ratta,1946-11-18,M,Kota,West Bengal,073421,semnaksh@example.com,3368081528,Gold,2024-09-26
C0433,Unni,Dua,1914-12-23,M,Vijayanagaram,Manipur,805133,bray@example.net,+918796718908,Silver,2023-01-15
C0434,Yash,Nayak,1990-12-02,M,Aizawl,Madhya Pradesh,807405,tarakparekh@example.org,02052256209,Silver,2023-01-05
C0435,Edhitha,Chaudhari,1939-07-20,M,Rajahmundry,Chhattisgarh,474211,udant40@example.com,3290392310,Gold,2024-03-13
C0436,Oni,Karpe,1956-02-26,M,Bhiwani,Punjab,453562,emittal@example.net,2807391825,Silver,2021-08-15
C0437,Amol,Virk,1972-10-04,M,Eluru,Tripura,956152,aaurora@example.com,02807966698,Gold,2023-09-16
C0438,Balveer,Pall,1946-11-16,M,Shimla,Haryana,637605,chaitanyaanand@example.net,05062517839,Gold,2024-12-13
C0439,Jairaj,Gopal,1967-01-01,F,Nagercoil,Nagaland,675404,vmander@example.com,1812614443,Silver,2025-05-20
C0440,Kamya,Sood,1931-11-05,F,Gurgaon,Assam,886218,esidhu@example.net,+919312446015,Bronze,2025-01-15
C0441,Vedhika,Agarwal,1960-08-07,F,Hospet,Nagaland,158328,warhi89@example.net,09345761880,Gold,2021-08-05
C0442,Eiravati,Barad,1979-02-16,F,Jorhat,Haryana,010072,alexander50@example.net,8612249140,Silver,2025-09-29
C0443,Ikshita,Shankar,2013-10-23,F,Asansol,Nagaland,880118,manthan32@example.org,+918482104144,Bronze,2025-03-05
C0444,Radha,Gara,1987-03-14,F,Bally,Bihar,343925,finngara@example.com,+918552097922,Silver,2025-05-11
C0445,Yatin,Prashad,1926-03-11,F,Bangalore,Punjab,241410,lukegrewal@example.net,00512943467,Silver,2023-05-14
C0446,Harsh,Ramaswamy,2024-12-29,F,South Dumdum,Tamil Nadu,331356,riyanarasimhan@example.net,+915677888862,Gold,2024-01-21
C0447,Advika,Bali,2012-02-21,F,Vadodara,Meghalaya,505570,upadhyaydarsh@example.org,+911781508999,Gold,2022-03-06
C0448,Eiravati,Om,1953-06-14,M,Mau,Uttar Pradesh,342006,mmahajan@example.com,+910210579598,Gold,2022-09-17
C0449,Netra,Murthy,1985-04-13,M,Tadepalligudem,Uttarakhand,207464,yochanakonda@example.com,+915981380771,Bronze,2024-10-20
C0450,Charles,Kumar,1929-06-03,M,Shahjahanpur,Goa,737512,aashi70@example.com,+918161083333,Bronze,2023-04-26
C0451,Vaishnavi,Mani,1958-10-09,F,Ajmer,Uttarakhand,728879,warindersahni@example.net,09295993375,Silver,2023-11-04
C0452,Oeshi,Warrior,1932-06-23,M,Machilipatnam,Nagaland,328256,damyanti01@example.com,+919043316195,Gold,2023-10-14
C0453,Yatan,Sarkar,1978-08-11,M,Kolhapur,Uttar Pradesh,781534,trivenivora@example.net,8742348250,Silver,2021-09-21
C0454,Neelima,Baria,1934-04-05,F,Nagpur,Himachal Pradesh,279169,jaisundaram@example.com,0791718310,Silver,2024-12-04
C0455,Jeremiah,Jain,1970-09-18,M,Buxar,Maharashtra,464010,cvenkataraman@example.net,2895271403,Silver,2025-12-23
C0456,Aachal,Dixit,1938-08-16,M,Jalandhar,Telangana,484186,guneetkara@example.net,04690943351,Bronze,2022-06-15
C0457,Saanvi,Chakrabarti,1945-05-05,F,Patna,Karnataka,579714,yastidivan@example.net,+912079026307,Silver,2022-04-29
C0458,Anjali,Suresh,1966-09-09,F,Bhubaneswar,Gujarat,162764,bhavani38@example.net,5633589809,Bronze,2022-05-21
C0459,Yashica,Nadig,2022-07-12,F,Pali,Tamil Nadu,056373,ntaneja@example.org,+918605789832,Bronze,2022-02-19
C0460,Eshana,Gill,2025-04-03,M,Danapur,Punjab,986399,osubramanian@example.org,+916320809574,Silver,2021-12-06
C0461,Quincy,Butala,1996-12-01,M,Bidar,West Bengal,670494,ftata@example.org,+915291596761,Silver,2023-03-28
C0462,Chatura,Majumdar,1949-11-03,F,Sikar,Assam,822502,samakshkrishna@example.net,3827801185,Bronze,2025-03-29
C0463,Onveer,Sathe,2018-03-21,F,Hospet,Nagaland,708338,davidlala@example.net,+916352066529,Gold,2022-02-02
C0464,Shravya,Sawhney,1973-08-23,F,Hubli–Dharwad,Sikkim,738960,gsarkar@example.org,08538126238,Gold,2026-03-02
C0465,Sarthak,Samra,1933-12-22,M,Dharmavaram,Punjab,081389,karanbala@example.org,+914900590993,Silver,2021-07-25
C0466,Anmol,Mannan,1945-08-29,M,Bangalore,Gujarat,507070,zmitter@example.com,8928444568,Bronze,2026-01-06
C0467,Ekalinga,Venkatesh,1943-01-10,F,Satara,Goa,046208,veer43@example.org,3299821420,Gold,2022-01-30
C0468,Andrew,Chaudry,1975-08-16,F,Jalna,Maharashtra,346440,gatwal@example.net,09128898444,Silver,2025-08-31
C0469,Luke,Sarraf,1976-10-21,M,Panipat,Mizoram,792346,xiyer@example.org,01765161019,Gold,2021-06-08
C0470,Raksha,Raju,1924-05-29,F,Nadiad,Arunachal Pradesh,709812,isaacnarayan@example.org,01858202891,Gold,2026-01-17
C0471,Keya,Karan,1932-12-30,M,Kumbakonam,Assam,553546,qarin08@example.net,7987341161,Bronze,2026-01-16
C0472,Waida,Bora,1912-02-14,M,Bongaigaon,Karnataka,879364,daksha33@example.org,00567238423,Bronze,2022-04-13
C0473,Dominic,Dash,1955-07-15,F,Bhalswa Jahangir Pur,Gujarat,905609,nchanda@example.net,+917914319462,Silver,2025-07-01
C0474,Viraj,Chhabra,2002-01-04,F,Siliguri,Uttarakhand,334152,xmanda@example.org,2283063165,Bronze,2021-06-20
C0475,Idika,Kulkarni,2012-05-09,M,Sasaram,Assam,225806,aarnav72@example.com,+916651991309,Silver,2025-06-22
C0476,Ekta,Chatterjee,1930-12-17,M,Haridwar,Meghalaya,077995,mohini92@example.com,+917267263400,Gold,2025-02-16
C0477,Ishani,Borde,1974-02-26,M,Etawah,Jharkhand,692022,advaith90@example.com,7445666593,Silver,2021-06-29
C0478,Tristan,Kala,1911-11-10,F,Sangli-Miraj & Kupwad,Bihar,691922,meghanade@example.com,8987061400,Bronze,2025-01-16
C0479,Anmol,Talwar,1974-06-16,M,Tiruchirappalli,Punjab,067977,ggrewal@example.org,03920468673,Gold,2025-07-10
C0480,Leena,Behl,1990-04-28,F,Rajpur Sonarpur,Uttar Pradesh,022419,yash93@example.org,06565432061,Gold,2022-02-15
C0481,Wridesh,Brar,1988-08-28,F,Adoni,Mizoram,351245,harinakshisolanki@example.com,08369411810,Bronze,2022-04-03
C0482,Upma,Kamdar,1959-07-10,F,Tiruvottiyur,Uttar Pradesh,125630,isingh@example.org,1735697949,Gold,2022-09-08
C0483,Hema,Mangat,1936-01-06,F,Ghaziabad,Maharashtra,184414,shauryanatarajan@example.net,07912072583,Bronze,2024-08-30
C0484,Jason,Kata,1935-03-15,F,Anantapuram,Tamil Nadu,770038,ozajagat@example.net,+919967141507,Gold,2023-11-20
C0485,Ayaan,Dutta,1937-04-05,M,Guna,Manipur,915689,pbhardwaj@example.net,01624895292,Gold,2024-02-03
C0486,Jacob,Desai,2021-11-04,F,Durg,Assam,623941,ssachdev@example.net,+913007740381,Silver,2023-03-19
C0487,Falguni,Nazareth,2005-03-19,M,Panchkula,Gujarat,098389,sathvikpuri@example.net,04467111655,Gold,2025-11-24
C0488,Aashi,Pathak,1934-02-01,F,Muzaffarpur,Rajasthan,229529,tanveer13@example.org,2873060013,Bronze,2021-06-21
C0489,Timothy,Kannan,1927-01-20,F,Nagaon,Mizoram,482582,iramesh@example.org,+915351773923,Bronze,2022-02-03
C0490,Jagdish,Kala,2020-02-21,F,Hubli–Dharwad,Maharashtra,009843,rachitsharma@example.com,06241398834,Silver,2022-10-04
C0491,Ranveer,Rajagopal,1956-09-08,F,Aurangabad,West Bengal,072357,bhaktadiya@example.org,+914003246421,Silver,2024-04-07
C0492,Nandini,Minhas,1962-12-24,F,Bettiah,Madhya Pradesh,264885,andraomisha@example.com,+918492640271,Silver,2025-10-29
C0493,Harish,Kata,2016-11-08,M,Ahmednagar,Mizoram,947988,parthbhatia@example.com,5758415092,Gold,2025-07-07
C0494,Warda,Batra,1927-02-18,M,Miryalaguda,Arunachal Pradesh,582408,borafinn@example.com,9642477894,Bronze,2024-02-24
C0495,Matthew,Venkataraman,1993-01-01,M,Karnal,Odisha,528983,krishpranit@example.com,+918374019761,Gold,2024-04-25
C0496,Anita,Sandal,1926-12-06,F,Proddatur,Mizoram,602813,xpillay@example.com,+913626195579,Bronze,2022-10-27
C0497,Sarthak,Sarraf,1916-02-23,F,Farrukhabad,Rajasthan,423801,netrashah@example.com,8807913248,Gold,2022-06-16
C0498,Vanya,Barad,1959-04-30,M,Mumbai,Odisha,049075,jrau@example.com,+913127079692,Silver,2023-12-05
C0499,Bhavna,Bath,1918-07-01,F,Kolhapur,Punjab,818973,mandabalhaar@example.org,0200540563,Silver,2023-08-12
C0500,Tarak,Borah,1983-05-14,F,Hyderabad,Meghalaya,901474,ide@example.net,+912427963947,Gold,2023-08-20
